{
  "timezones": {
    "beijing": "Asia/Shanghai",
    "shanghai": "Asia/Shanghai",
    "guangzhou": "Asia/Shanghai",
    "shenzhen": "Asia/Shanghai",
    "hangzhou": "Asia/Shanghai",
    "chengdu": "Asia/Shanghai",
    "wuhan": "Asia/Shanghai",
    "chongqing": "Asia/Shanghai",
    "nanjing": "Asia/Shanghai",
    "tianjin": "Asia/Shanghai",
    "new york": "America/New_York",
    "los angeles": "America/Los_Angeles",
    "chicago": "America/Chicago",
    "houston": "America/Chicago",
    "phoenix": "America/Phoenix",
    "philadelphia": "America/New_York",
    "san antonio": "America/Chicago",
    "san diego": "America/Los_Angeles",
    "dallas": "America/Chicago",
    "san jose": "America/Los_Angeles",
    "london": "Europe/London",
    "paris": "Europe/Paris",
    "berlin": "Europe/Berlin",
    "madrid": "Europe/Madrid",
    "rome": "Europe/Rome",
    "moscow": "Europe/Moscow",
    "athens": "Europe/Athens",
    "stockholm": "Europe/Stockholm",
    "amsterdam": "Europe/Amsterdam",
    "vienna": "Europe/Vienna",
    "tokyo": "Asia/Tokyo",
    "osaka": "Asia/Tokyo",
    "sydney": "Australia/Sydney",
    "melbourne": "Australia/Melbourne",
    "brisbane": "Australia/Brisbane",
    "perth": "Australia/Perth",
    "auckland": "Pacific/Auckland",
    "singapore": "Asia/Singapore",
    "bangkok": "Asia/Bangkok",
    "seoul": "Asia/Seoul",
    "hong kong": "Asia/Hong_Kong",
    "taipei": "Asia/Taipei",
    "mumbai": "Asia/Kolkata",
    "delhi": "Asia/Kolkata",
    "karachi": "Asia/Karachi",
    "dhaka": "Asia/Dhaka",
    "jakarta": "Asia/Jakarta",
    "manila": "Asia/Manila",
    "cairo": "Africa/Cairo",
    "johannesburg": "Africa/Johannesburg",
    "nairobi": "Africa/Nairobi",
    "lagos": "Africa/Lagos",
    "cairo": "Africa/Cairo",
    "riyadh": "Asia/Riyadh",
    "dubai": "Asia/Dubai",
    "vancouver": "America/Vancouver",
    "toronto": "America/Toronto",
    "montreal": "America/Toronto",
    "calgary": "America/Edmonton",
    "ottawa": "America/Toronto",
    "mexico city": "America/Mexico_City",
    "sao paulo": "America/Sao_Paulo",
    "buenos aires": "America/Argentina/Buenos_Aires",
    "rio de janeiro": "America/Sao_Paulo",
    "santiago": "America/Santiago",
    "bogota": "America/Bogota",
    "lima": "America/Lima",
    "caracas": "America/Caracas",
    "medellin": "America/Bogota",
    "guatemala city": "America/Guatemala",
    "panama city": "America/Panama",
    "san salvador": "America/El_Salvador",
    "san juan": "America/Puerto_Rico",
    "kingston": "America/Jamaica",
    "port-au-prince": "America/Port-au-Prince",
    "santo domingo": "America/Santo_Domingo",
    "havana": "America/Havana",
    "tegucigalpa": "America/Tegucigalpa",
    "managua": "America/Managua",
    "san josé": "America/Costa_Rica",
    "belmopan": "America/Belize",
    "mexico city": "America/Mexico_City",
    "guadalajara": "America/Mexico_City",
    "monterrey": "America/Monterrey",
    "puebla": "America/Mexico_City",
    "tijuana": "America/Tijuana",
    "león": "America/Mexico_City",
    "merida": "America/Merida",
    "cancun": "America/Cancun",
    "querétaro": "America/Mexico_City",
    "san luis potosí": "America/Mexico_City",
    "mexicali": "America/Tijuana",
    "victoria de durango": "America/Mexico_City",
    "aguascalientes": "America/Mexico_City",
    "chihuahua": "America/Chihuahua",
    "saltillo": "America/Monterrey",
    "mazatlán": "America/Mazatlan",
    "culiacán": "America/Mazatlan",
    "torreón": "America/Monterrey",
    "monclova": "America/Monterrey",
    "zacatecas": "America/Mexico_City",
    "morelia": "America/Mexico_City",
    "cuernavaca": "America/Mexico_City",
    "tulancingo": "America/Mexico_City",
    "ixmiquilpan": "America/Mexico_City",
    "pachuca": "America/Mexico_City",
    "tlaxcala": "America/Mexico_City",
    "toluca": "America/Mexico_City",
    "iztacalco": "America/Mexico_City",
    "neza": "America/Mexico_City",
    "ecatepec": "America/Mexico_City",
    "tultitlán": "America/Mexico_City",
    "iztapalapa": "America/Mexico_City",
    "coyoacán": "America/Mexico_City",
    "benito juárez": "America/Mexico_City",
    "miguel hidalgo": "America/Mexico_City",
    "azcapotzalco": "America/Mexico_City",
    "gustavo a. madero": "America/Mexico_City",
    "coacalco": "America/Mexico_City",
    "tlalnepantla": "America/Mexico_City",
    "naucalpan": "America/Mexico_City",
    "chapultepec": "America/Mexico_City",
    "polanco": "America/Mexico_City",
    "condesa": "America/Mexico_City",
    "roma": "America/Mexico_City",
    "coyoacán": "America/Mexico_City",
    "san angel": "America/Mexico_City",
    "del valle": "America/Mexico_City",
    "tlacolula": "America/Mexico_City",
    "oaxaca": "America/Mexico_City",
    "puerto escondido": "America/Mexico_City",
    "huatulco": "America/Mexico_City",
    "acapulco": "America/Mexico_City",
    "izamal": "America/Cancun",
    "villahermosa": "America/Merida",
    "campeche": "America/Merida",
    "chetumal": "America/Cancun",
    "san cristóbal de las casas": "America/Mexico_City",
    "tuxtla gutiérrez": "America/Mexico_City",
    "tapachula": "America/Mexico_City",
    "palenque": "America/Mexico_City",
    "comitán": "America/Mexico_City",
    "ciudad juárez": "America/Ojinaga",
    "chihuahua": "America/Chihuahua",
    "delicias": "America/Chihuahua",
    "juárez": "America/Ojinaga",
    "cuauhtémoc": "America/Chihuahua",
    "parral": "America/Chihuahua",
    "camargo": "America/Ojinaga",
    "ciudad acuña": "America/Ojinaga",
    "piedras negras": "America/Ojinaga",
    "monclova": "America/Monterrey",
    "saltillo": "America/Monterrey",
    "torreón": "America/Monterrey",
    "gomez palacio": "America/Mazatlan",
    "durango": "America/Mexico_City",
    "mazatlán": "America/Mazatlan",
    "culiacán": "America/Mazatlan",
    "los mochis": "America/Mazatlan",
    "guasave": "America/Mazatlan",
    "culiacán rodríguez": "America/Mazatlan",
    "mazatlán sinaloa": "America/Mazatlan",
    "cabo san lucas": "America/Mazatlan",
    "la paz baja california sur": "America/Mazatlan",
    "tijuana baja california": "America/Tijuana",
    "ensanada": "America/Tijuana",
    "mexicali": "America/Tijuana",
    "rosarito": "America/Tijuana",
    "tecate": "America/Tijuana",
    "san felipe": "America/Tijuana",
    "la paz baja california": "America/Tijuana",
    "guadalajara jalisco": "America/Mexico_City",
    "monterrey nuevo león": "America/Monterrey",
    "puebla puebla": "America/Mexico_City",
    "león guanajuato": "America/Mexico_City",
    "merida yucatan": "America/Merida",
    "cancun quintana roo": "America/Cancun",
    "querétaro querétaro": "America/Mexico_City",
    "san luis potosí san luis potosí": "America/Mexico_City",
    "victoria de durango durango": "America/Mexico_City",
    "aguascalientes aguascalientes": "America/Mexico_City",
    "morelia michoacan": "America/Mexico_City",
    "cuernavaca morelos": "America/Mexico_City",
    "toluca estado de mexico": "America/Mexico_City",
    "oaxaca oaxaca": "America/Mexico_City",
    "tuxtla gutiérrez chiapas": "America/Mexico_City",
    "tapachula chiapas": "America/Mexico_City",
    "palenque chiapas": "America/Mexico_City",
    "san cristóbal de las casas chiapas": "America/Mexico_City",
    "villahermosa tabasco": "America/Merida",
    "campeche campeche": "America/Merida",
    "chetumal quintana roo": "America/Cancun",
    "ciudad juárez chihuahua": "America/Ojinaga",
    "chihuahua chihuahua": "America/Chihuahua",
    "delicias chihuahua": "America/Chihuahua",
    "parral chihuahua": "America/Chihuahua",
    "cuauhtémoc chihuahua": "America/Chihuahua",
    "camargo chihuahua": "America/Ojinaga",
    "ciudad acuña coahuila": "America/Ojinaga",
    "piedras negras coahuila": "America/Ojinaga",
    "gomez palacio durango": "America/Mazatlan",
    "durango durango": "America/Mexico_City",
    "los mochis sinaloa": "America/Mazatlan",
    "guasave sinaloa": "America/Mazatlan",
    "cabo san lucas baja california sur": "America/Mazatlan",
    "la paz baja california sur": "America/Mazatlan",
    "ensanada baja california": "America/Tijuana",
    "rosarito baja california": "America/Tijuana",
    "tecate baja california": "America/Tijuana",
    "san felipe baja california": "America/Tijuana",
    "la paz baja california": "America/Tijuana",
    "san diego california": "America/Los_Angeles",
    "los angeles california": "America/Los_Angeles",
    "san francisco california": "America/Los_Angeles",
    "san jose california": "America/Los_Angeles",
    "san mateo california": "America/Los_Angeles",
    "oakland california": "America/Los_Angeles",
    "berkeley california": "America/Los_Angeles",
    "richmond california": "America/Los_Angeles",
    "vallejo california": "America/Los_Angeles",
    "fairfield california": "America/Los_Angeles",
    "sacramento california": "America/Los_Angeles",
    "stockton california": "America/Los_Angeles",
    "modesto california": "America/Los_Angeles",
    "fresno california": "America/Los_Angeles",
    "bakersfield california": "America/Los_Angeles",
    "san luis obispo california": "America/Los_Angeles",
    "santa barbara california": "America/Los_Angeles",
    "ventura california": "America/Los_Angeles",
    "oxnard california": "America/Los_Angeles",
    "thousand oaks california": "America/Los_Angeles",
    "simi valley california": "America/Los_Angeles",
    "palmdale california": "America/Los_Angeles",
    "lancaster california": "America/Los_Angeles",
    "victorville california": "America/Los_Angeles",
    "hesperia california": "America/Los_Angeles",
    "fontana california": "America/Los_Angeles",
    "rancho cucamonga california": "America/Los_Angeles",
    "ontario california": "America/Los_Angeles",
    "pomona california": "America/Los_Angeles",
    "riverside california": "America/Los_Angeles",
    "san bernardino california": "America/Los_Angeles",
    "redlands california": "America/Los_Angeles",
    "yucaipa california": "America/Los_Angeles",
    "hesperia california": "America/Los_Angeles",
    "victorville california": "America/Los_Angeles",
    "barstow california": "America/Los_Angeles",
    "needles california": "America/Los_Angeles",
    "indio california": "America/Los_Angeles",
    "palm springs california": "America/Los_Angeles",
    "coachella california": "America/Los_Angeles",
    "brawley california": "America/Los_Angeles",
    "el centro california": "America/Los_Angeles",
    "imperial california": "America/Los_Angeles",
    "calexico california": "America/Los_Angeles",
    "san ysidro california": "America/Los_Angeles",
    "chula vista california": "America/Los_Angeles",
    "national city california": "America/Los_Angeles",
    "coronado california": "America/Los_Angeles",
    "la jolla california": "America/Los_Angeles",
    "del mar california": "America/Los_Angeles",
    "solana beach california": "America/Los_Angeles",
    "encinitas california": "America/Los_Angeles",
    "carlsbad california": "America/Los_Angeles",
    "oceanside california": "America/Los_Angeles",
    "vista california": "America/Los_Angeles",
    "san marcos california": "America/Los_Angeles",
    "escondido california": "America/Los_Angeles",
    "poway california": "America/Los_Angeles",
    "santee california": "America/Los_Angeles",
    "la mesa california": "America/Los_Angeles",
    "el cajon california": "America/Los_Angeles",
    "lakeside california": "America/Los_Angeles",
    "jamul california": "America/Los_Angeles",
    "alpine california": "America/Los_Angeles",
    "pine valley california": "America/Los_Angeles",
    "mount laguna california": "America/Los_Angeles",
    "campo california": "America/Los_Angeles",
    "potrero california": "America/Los_Angeles",
    "tijuana baja california": "America/Tijuana",
    "ensanada baja california": "America/Tijuana",
    "mexicali baja california": "America/Tijuana",
    "rosarito baja california": "America/Tijuana",
    "tecate baja california": "America/Tijuana",
    "san felipe baja california": "America/Tijuana",
    "la paz baja california": "America/Tijuana",
    "new york new york": "America/New_York",
    "los angeles california": "America/Los_Angeles",
    "chicago illinois": "America/Chicago",
    "houston texas": "America/Chicago",
    "phoenix arizona": "America/Phoenix",
    "philadelphia pennsylvania": "America/New_York",
    "san antonio texas": "America/Chicago",
    "san diego california": "America/Los_Angeles",
    "dallas texas": "America/Chicago",
    "san jose california": "America/Los_Angeles",
    "austin texas": "America/Chicago",
    "jacksonville florida": "America/New_York",
    "fort worth texas": "America/Chicago",
    "columbus ohio": "America/New_York",
    "charlotte north carolina": "America/New_York",
    "indianapolis indiana": "America/New_York",
    "san francisco california": "America/Los_Angeles",
    "seattle washington": "America/Los_Angeles",
    "denver colorado": "America/Denver",
    "washington district of columbia": "America/New_York",
    "boston massachusetts": "America/New_York",
    "el paso texas": "America/Denver",
    "nashville tennessee": "America/Chicago",
    "detroit michigan": "America/New_York",
    "oklahoma city oklahoma": "America/Chicago",
    "portland oregon": "America/Los_Angeles",
    "las vegas nevada": "America/Los_Angeles",
    "memphis tennessee": "America/Chicago",
    "louisville kentucky": "America/New_York",
    "baltimore maryland": "America/New_York",
    "milwaukee wisconsin": "America/Chicago",
    "albuquerque new mexico": "America/Denver",
    "tucson arizona": "America/Phoenix",
    "fresno california": "America/Los_Angeles",
    "sacramento california": "America/Los_Angeles",
    "kansas city missouri": "America/Chicago",
    "long beach california": "America/Los_Angeles",
    "mesa arizona": "America/Phoenix",
    "atlanta georgia": "America/New_York",
    "colorado springs colorado": "America/Denver",
    "raleigh north carolina": "America/New_York",
    "omaha nebraska": "America/Chicago",
    "miami florida": "America/New_York",
    "minneapolis minnesota": "America/Chicago",
    "tulsa oklahoma": "America/Chicago",
    "cincinnati ohio": "America/New_York",
    "arlington texas": "America/Chicago",
    "new orleans louisiana": "America/Chicago",
    "waco texas": "America/Chicago",
    "richmond virginia": "America/New_York",
    "cleveland ohio": "America/New_York",
    "wichita kansas": "America/Chicago",
    "reno nevada": "America/Los_Angeles",
    "st. louis missouri": "America/Chicago",
    "pittsburgh pennsylvania": "America/New_York",
    "portland maine": "America/New_York",
    "birmingham alabama": "America/Chicago",
    "lancaster pennsylvania": "America/New_York",
    "lincoln nebraska": "America/Chicago",
    "lubbock texas": "America/Chicago",
    "buffalo new york": "America/New_York",
    "scottsdale arizona": "America/Phoenix",
    "north las vegas nevada": "America/Los_Angeles",
    "corpus christi texas": "America/Chicago",
    "arlington virginia": "America/New_York",
    "greensboro north carolina": "America/New_York",
    "omaha nebraska": "America/Chicago",
    "plano texas": "America/Chicago",
    "baton rouge louisiana": "America/Chicago",
    "des moines iowa": "America/Chicago",
    "shreveport louisiana": "America/Chicago",
    "madison wisconsin": "America/Chicago",
    "laredo texas": "America/Chicago",
    "chandler arizona": "America/Phoenix",
    "charleston south carolina": "America/New_York",
    "glendale arizona": "America/Phoenix",
    "winston-salem north carolina": "America/New_York",
    "peoria arizona": "America/Phoenix",
    "newark new jersey": "America/New_York",
    "toledo ohio": "America/New_York",
    "aurora illinois": "America/Chicago",
    "durham north carolina": "America/New_York",
    "modesto california": "America/Los_Angeles",
    "montgomery alabama": "America/Chicago",
    "fayetteville north carolina": "America/New_York",
    "akron ohio": "America/New_York",
    "columbia south carolina": "America/New_York",
    "huntsville alabama": "America/Chicago",
    "boise idaho": "America/Los_Angeles",
    "little rock arkansas": "America/Chicago",
    "sioux falls south dakota": "America/Chicago",
    "reno nevada": "America/Los_Angeles",
    "spokane washington": "America/Los_Angeles",
    "irving texas": "America/Chicago",
    "fort wayne indiana": "America/New_York",
    "richmond virginia": "America/New_York",
    "fargo north dakota": "America/Chicago",
    "san bernardino california": "America/Los_Angeles",
    "bakersfield california": "America/Los_Angeles",
    "chattanooga tennessee": "America/Chicago",
    "rochester new york": "America/New_York",
    "chesapeake virginia": "America/New_York",
    "grand rapids michigan": "America/New_York",
    "scranton pennsylvania": "America/New_York",
    "wichita falls texas": "America/Chicago",
    "tallahassee florida": "America/New_York",
    "greensboro north carolina": "America/New_York",
    "omaha nebraska": "America/Chicago",
    "plano texas": "America/Chicago",
    "baton rouge louisiana": "America/Chicago",
    "des moines iowa": "America/Chicago",
    "shreveport louisiana": "America/Chicago",
    "madison wisconsin": "America/Chicago",
    "laredo texas": "America/Chicago",
    "chandler arizona": "America/Phoenix",
    "charleston south carolina": "America/New_York",
    "glendale arizona": "America/Phoenix",
    "winston-salem north carolina": "America/New_York",
    "peoria arizona": "America/Phoenix",
    "newark new jersey": "America/New_York",
    "toledo ohio": "America/New_York",
    "aurora illinois": "America/Chicago",
    "durham north carolina": "America/New_York",
    "modesto california": "America/Los_Angeles",
    "montgomery alabama": "America/Chicago",
    "fayetteville north carolina": "America/New_York",
    "akron ohio": "America/New_York",
    "columbia south carolina": "America/New_York",
    "huntsville alabama": "America/Chicago",
    "boise idaho": "America/Los_Angeles",
    "little rock arkansas": "America/Chicago",
    "sioux falls south dakota": "America/Chicago",
    "reno nevada": "America/Los_Angeles",
    "spokane washington": "America/Los_Angeles",
    "irving texas": "America/Chicago",
    "fort wayne indiana": "America/New_York",
    "richmond virginia": "America/New_York",
    "fargo north dakota": "America/Chicago",
    "san bernardino california": "America/Los_Angeles",
    "bakersfield california": "America/Los_Angeles",
    "chattanooga tennessee": "America/Chicago",
    "rochester new york": "America/New_York",
    "chesapeake virginia": "America/New_York",
    "grand rapids michigan": "America/New_York",
    "scranton pennsylvania": "America/New_York",
    "wichita falls texas": "America/Chicago",
    "tallahassee florida": "America/New_York",
    "orlando florida": "America/New_York",
    "tampa florida": "America/New_York",
    "st. petersburg florida": "America/New_York",
    "clearwater florida": "America/New_York",
    "brandon florida": "America/New_York",
    "largo florida": "America/New_York",
    "gulfport florida": "America/New_York",
    "davenport florida": "America/New_York",
    "winter haven florida": "America/New_York",
    "lake wales florida": "America/New_York",
    "haines city florida": "America/New_York",
    "kissimmee florida": "America/New_York",
    "st. cloud florida": "America/New_York",
    "clermont florida": "America/New_York",
    "leesburg florida": "America/New_York",
    "tavares florida": "America/New_York",
    "mount dora florida": "America/New_York",
    "eustis florida": "America/New_York",
    "apopka florida": "America/New_York",
    "winter garden florida": "America/New_York",
    "windermere florida": "America/New_York",
    "bay lake florida": "America/New_York",
    "lake buena vista florida": "America/New_York",
    "orlando international airport florida": "America/New_York",
    "sanford international airport florida": "America/New_York",
    "daytona beach florida": "America/New_York",
    "deltona florida": "America/New_York",
    "port orange florida": "America/New_York",
    "south daytona florida": "America/New_York",
    "ormond beach florida": "America/New_York",
    "flagler beach florida": "America/New_York",
    "st. augustine florida": "America/New_York",
    "palatka florida": "America/New_York",
    "green cove springs florida": "America/New_York",
    "jacksonville beach florida": "America/New_York",
    "atlantic beach florida": "America/New_York",
    "mayport florida": "America/New_York",
    "neptune beach florida": "America/New_York",
    "ponte vedra beach florida": "America/New_York",
    "nocatee florida": "America/New_York",
    "st. johns florida": "America/New_York",
    "orange park florida": "America/New_York",
    "middleburg florida": "America/New_York",
    "fernandina beach florida": "America/New_York",
    "yulee florida": "America/New_York",
    "crescent city florida": "America/New_York",
    "palatka florida": "America/New_York",
    "gainesville florida": "America/New_York",
    "ocala florida": "America/New_York",
    "the villages florida": "America/New_York",
    "bronson florida": "America/New_York",
    "cedar key florida": "America/New_York",
    "crystal river florida": "America/New_York",
    "homosassa springs florida": "America/New_York",
    "inverness florida": "America/New_York",
    "dunnellon florida": "America/New_York",
    "ocala national forest florida": "America/New_York",
    "silver springs florida": "America/New_York",
    "rainbow springs florida": "America/New_York",
    "waccasassa bay preserve state park florida": "America/New_York",
    "cedar keys national wildlife refuge florida": "America/New_York",
    "crystal river national wildlife refuge florida": "America/New_York",
    "chassahowitzka national wildlife refuge florida": "America/New_York",
    "hernando beach florida": "America/New_York",
    "weeki wachee springs florida": "America/New_York",
    "port richey florida": "America/New_York",
    "new port richey florida": "America/New_York",
    "spring hill florida": "America/New_York",
    "brooksville florida": "America/New_York",
    "dade city florida": "America/New_York",
    "zephyrhills florida": "America/New_York",
    "dade city florida": "America/New_York",
    "plant city florida": "America/New_York",
    "bartow florida": "America/New_York",
    "lake wales florida": "America/New_York",
    "winter haven florida": "America/New_York",
    "haines city florida": "America/New_York",
    "kissimmee florida": "America/New_York",
    "st. cloud florida": "America/New_York",
    "clermont florida": "America/New_York",
    "leesburg florida": "America/New_York",
    "tavares florida": "America/New_York",
    "mount dora florida": "America/New_York",
    "eustis florida": "America/New_York",
    "apopka florida": "America/New_York",
    "winter garden florida": "America/New_York",
    "windermere florida": "America/New_York",
    "bay lake florida": "America/New_York",
    "lake buena vista florida": "America/New_York",
    "orlando international airport florida": "America/New_York",
    "sanford international airport florida": "America/New_York",
    "daytona beach florida": "America/New_York",
    "deltona florida": "America/New_York",
    "port orange florida": "America/New_York",
    "south daytona florida": "America/New_York",
    "ormond beach florida": "America/New_York",
    "flagler beach florida": "America/New_York",
    "st. augustine florida": "America/New_York",
    "palatka florida": "America/New_York",
    "green cove springs florida": "America/New_York",
    "jacksonville beach florida": "America/New_York",
    "atlantic beach florida": "America/New_York",
    "mayport florida": "America/New_York",
    "neptune beach florida": "America/New_York",
    "ponte vedra beach florida": "America/New_York",
    "nocatee florida": "America/New_York",
    "st. johns florida": "America/New_York",
    "orange park florida": "America/New_York",
    "middleburg florida": "America/New_York",
    "fernandina beach florida": "America/New_York",
    "yulee florida": "America/New_York",
    "crescent city florida": "America/New_York",
    "palatka florida": "America/New_York",
    "gainesville florida": "America/New_York",
    "ocala florida": "America/New_York",
    "the villages florida": "America/New_York",
    "bronson florida": "America/New_York",
    "cedar key florida": "America/New_York",
    "crystal river florida": "America/New_York",
    "homosassa springs florida": "America/New_York",
    "inverness florida": "America/New_York",
    "dunnellon florida": "America/New_York",
    "ocala national forest florida": "America/New_York",
    "silver springs florida": "America/New_York",
    "rainbow springs florida": "America/New_York",
    "waccasassa bay preserve state park florida": "America/New_York",
    "cedar keys national wildlife refuge florida": "America/New_York",
    "crystal river national wildlife refuge florida": "America/New_York",
    "chassahowitzka national wildlife refuge florida": "America/New_York",
    "hernando beach florida": "America/New_York",
    "weeki wachee springs florida": "America/New_York",
    "port richey florida": "America/New_York",
    "new port richey florida": "America/New_York",
    "spring hill florida": "America/New_York",
    "brooksville florida": "America/New_York",
    "dade city florida": "America/New_York",
    "zephyrhills florida": "America/New_York",
    "dade city florida": "America/New_York",
    "plant city florida": "America/New_York",
    "bartow florida": "America/New_York",
    "london england": "Europe/London",
    "paris france": "Europe/Paris",
    "berlin germany": "Europe/Berlin",
    "madrid spain": "Europe/Madrid",
    "rome italy": "Europe/Rome",
    "moscow russia": "Europe/Moscow",
    "athens greece": "Europe/Athens",
    "stockholm sweden": "Europe/Stockholm",
    "amsterdam netherlands": "Europe/Amsterdam",
    "vienna austria": "Europe/Vienna",
    "copenhagen denmark": "Europe/Copenhagen",
    "oslo norway": "Europe/Oslo",
    "helsinki finland": "Europe/Helsinki",
    "brussels belgium": "Europe/Brussels",
    "luxembourg luxembourg": "Europe/Luxembourg",
    "prague czech republic": "Europe/Prague",
    "budapest hungary": "Europe/Budapest",
    "warsaw poland": "Europe/Warsaw",
    "bucharest romania": "Europe/Bucharest",
    "belgrade serbia": "Europe/Belgrade",
    "zagreb croatia": "Europe/Zagreb",
    "ljubljana slovenia": "Europe/Ljubljana",
    "sarajevo bosnia and herzegovina": "Europe/Sarajevo",
    "skopje north macedonia": "Europe/Skopje",
    "tirana albania": "Europe/Tirane",
    "vilnius lithuania": "Europe/Vilnius",
    "riga latvia": "Europe/Riga",
    "tallinn estonia": "Europe/Tallinn",
    "minsk belarus": "Europe/Minsk",
    "kyiv ukraine": "Europe/Kiev",
    "odessa ukraine": "Europe/Kiev",
    "kharkiv ukraine": "Europe/Kiev",
    "donetsk ukraine": "Europe/Kiev",
    "lviv ukraine": "Europe/Kiev",
    "kiev ukraine": "Europe/Kiev",
    "tbilisi georgia": "Asia/Tbilisi",
    "yerevan armenia": "Asia/Yerevan",
    "baku azerbaijan": "Asia/Baku",
    "ankara turkey": "Europe/Istanbul",
    "istanbul turkey": "Europe/Istanbul",
    "izmir turkey": "Europe/Istanbul",
    "antalya turkey": "Europe/Istanbul",
    "bursa turkey": "Europe/Istanbul",
    "adana turkey": "Europe/Istanbul",
    "gaziantep turkey": "Europe/Istanbul",
    "konya turkey": "Europe/Istanbul",
    "mersin turkey": "Europe/Istanbul",
    "erzurum turkey": "Europe/Istanbul",
    "diyarbakir turkey": "Europe/Istanbul",
    "samsun turkey": "Europe/Istanbul",
    "trabzon turkey": "Europe/Istanbul",
    "rize turkey": "Europe/Istanbul",
    "artvin turkey": "Europe/Istanbul",
    "hopa turkey": "Europe/Istanbul",
    "batumi georgia": "Asia/Tbilisi",
    "sochi russia": "Europe/Moscow",
    "rostov-on-don russia": "Europe/Moscow",
    "krasnodar russia": "Europe/Moscow",
    "stavropol russia": "Europe/Moscow",
    "volgograd russia": "Europe/Moscow",
    "saratov russia": "Europe/Samara",
    "samara russia": "Europe/Samara",
    "kazan russia": "Europe/Moscow",
    "yekaterinburg russia": "Asia/Yekaterinburg",
    "chelyabinsk russia": "Asia/Yekaterinburg",
    "omsk russia": "Asia/Omsk",
    "novosibirsk russia": "Asia/Novosibirsk",
    "krasnoyarsk russia": "Asia/Krasnoyarsk",
    "irkutsk russia": "Asia/Irkutsk",
    "chita russia": "Asia/Chita",
    "vladivostok russia": "Asia/Vladivostok",
    "khabarovsk russia": "Asia/Vladivostok",
    "yuzhno-sakhalinsk russia": "Asia/Sakhalin",
    "magadan russia": "Asia/Magadan",
    "anadyr russia": "Asia/Anadyr",
    "petropavlovsk-kamchatsky russia": "Asia/Kamchatka",
    "murmansk russia": "Europe/Moscow",
    "arkhangelsk russia": "Europe/Moscow",
    "st. petersburg russia": "Europe/Moscow",
    "kaliningrad russia": "Europe/Kaliningrad",
    "moscow russia": "Europe/Moscow",
    "tokyo japan": "Asia/Tokyo",
    "osaka japan": "Asia/Tokyo",
    "kyoto japan": "Asia/Tokyo",
    "nagoya japan": "Asia/Tokyo",
    "yokohama japan": "Asia/Tokyo",
    "kobe japan": "Asia/Tokyo",
    "fukuoka japan": "Asia/Tokyo",
    "sapporo japan": "Asia/Tokyo",
    "sendai japan": "Asia/Tokyo",
    "chiba japan": "Asia/Tokyo",
    "saitama japan": "Asia/Tokyo",
    "kanagawa japan": "Asia/Tokyo",
    "osaka japan": "Asia/Tokyo",
    "kyoto japan": "Asia/Tokyo",
    "hyogo japan": "Asia/Tokyo",
    "nara japan": "Asia/Tokyo",
    "wakayama japan": "Asia/Tokyo",
    "shiga japan": "Asia/Tokyo",
    "mie japan": "Asia/Tokyo",
    "aichi japan": "Asia/Tokyo",
    "gifu japan": "Asia/Tokyo",
    "shizuoka japan": "Asia/Tokyo",
    "nagano japan": "Asia/Tokyo",
    "yamanashi japan": "Asia/Tokyo",
    "toyama japan": "Asia/Tokyo",
    "ishikawa japan": "Asia/Tokyo",
    "fukui japan": "Asia/Tokyo",
    "niigata japan": "Asia/Tokyo",
    "yamagata japan": "Asia/Tokyo",
    "miyagi japan": "Asia/Tokyo",
    "akita japan": "Asia/Tokyo",
    "iwate japan": "Asia/Tokyo",
    "aomori japan": "Asia/Tokyo",
    "hokkaido japan": "Asia/Tokyo",
    "fukushima japan": "Asia/Tokyo",
    "ibaraki japan": "Asia/Tokyo",
    "tochigi japan": "Asia/Tokyo",
    "gunma japan": "Asia/Tokyo",
    "saitama japan": "Asia/Tokyo",
    "chiba japan": "Asia/Tokyo",
    "tokyo japan": "Asia/Tokyo",
    "kanagawa japan": "Asia/Tokyo",
    "osaka japan": "Asia/Tokyo",
    "kyoto japan": "Asia/Tokyo",
    "hyogo japan": "Asia/Tokyo",
    "nara japan": "Asia/Tokyo",
    "wakayama japan": "Asia/Tokyo",
    "shiga japan": "Asia/Tokyo",
    "mie japan": "Asia/Tokyo",
    "aichi japan": "Asia/Tokyo",
    "gifu japan": "Asia/Tokyo",
    "shizuoka japan": "Asia/Tokyo",
    "nagano japan": "Asia/Tokyo",
    "yamanashi japan": "Asia/Tokyo",
    "toyama japan": "Asia/Tokyo",
    "ishikawa japan": "Asia/Tokyo",
    "fukui japan": "Asia/Tokyo",
    "niigata japan": "Asia/Tokyo",
    "yamagata japan": "Asia/Tokyo",
    "miyagi japan": "Asia/Tokyo",
    "akita japan": "Asia/Tokyo",
    "iwate japan": "Asia/Tokyo",
    "aomori japan": "Asia/Tokyo",
    "hokkaido japan": "Asia/Tokyo",
    "fukushima japan": "Asia/Tokyo",
    "ibaraki japan": "Asia/Tokyo",
    "tochigi japan": "Asia/Tokyo",
    "gunma japan": "Asia/Tokyo",
    "saitama japan": "Asia/Tokyo",
    "chiba japan": "Asia/Tokyo",
    "tokyo japan": "Asia/Tokyo",
    "kanagawa japan": "Asia/Tokyo",
    "osaka japan": "Asia/Tokyo",
    "kyoto japan": "Asia/Tokyo",
    "hyogo japan": "Asia/Tokyo",
    "nara japan": "Asia/Tokyo",
    "wakayama japan": "Asia/Tokyo",
    "shiga japan": "Asia/Tokyo",
    "mie japan": "Asia/Tokyo",
    "aichi japan": "Asia/Tokyo",
    "gifu japan": "Asia/Tokyo",
    "shizuoka japan": "Asia/Tokyo",
    "nagano japan": "Asia/Tokyo",
    "yamanashi japan": "Asia/Tokyo",
    "toyama japan": "Asia/Tokyo",
    "ishikawa japan": "Asia/Tokyo",
    "fukui japan": "Asia/Tokyo",
    "niigata japan": "Asia/Tokyo",
    "yamagata japan": "Asia/Tokyo",
    "miyagi japan": "Asia/Tokyo",
    "akita japan": "Asia/Tokyo",
    "iwate japan": "Asia/Tokyo",
    "aomori japan": "Asia/Tokyo",
    "hokkaido japan": "Asia/Tokyo",
    "fukushima japan": "Asia/Tokyo",
    "ibaraki japan": "Asia/Tokyo",
    "tochigi japan": "Asia/Tokyo",
    "gunma japan": "Asia/Tokyo",
    "saitama japan": "Asia/Tokyo",
    "chiba japan": "Asia/Tokyo",
    "tokyo japan": "Asia/Tokyo",
    "kanagawa japan": "Asia/Tokyo",
    "sydney australia": "Australia/Sydney",
    "melbourne australia": "Australia/Melbourne",
    "brisbane australia": "Australia/Brisbane",
    "perth australia": "Australia/Perth",
    "adelaide australia": "Australia/Adelaide",
    "canberra australia": "Australia/Sydney",
    "gold coast australia": "Australia/Brisbane",
    "newcastle australia": "Australia/Sydney",
    "central coast australia": "Australia/Sydney",
    "wollongong australia": "Australia/Sydney",
    "logan city australia": "Australia/Brisbane",
    "geelong australia": "Australia/Melbourne",
    "hobart australia": "Australia/Hobart",
    "townsville australia": "Australia/Brisbane",
    "cairns australia": "Australia/Brisbane",
    "darwin australia": "Australia/Darwin",
    "toowoomba australia": "Australia/Brisbane",
    "ballarat australia": "Australia/Melbourne",
    "bendigo australia": "Australia/Melbourne",
    "launceston australia": "Australia/Hobart",
    "mackay australia": "Australia/Brisbane",
    "rockhampton australia": "Australia/Brisbane",
    "bundaberg australia": "Australia/Brisbane",
    "hervey bay australia": "Australia/Brisbane",
    "mildura australia": "Australia/Melbourne",
    "albury-wodonga australia": "Australia/Melbourne",
    "wagga wagga australia": "Australia/Sydney",
    "griffith australia": "Australia/Sydney",
    "tamworth australia": "Australia/Sydney",
    "new england northern tablelands australia": "Australia/Sydney",
    "armidale australia": "Australia/Sydney",
    "inverell australia": "Australia/Sydney",
    "gunnedah australia": "Australia/Sydney",
    "narrabri australia": "Australia/Sydney",
    "moree australia": "Australia/Sydney",
    "goondiwindi australia": "Australia/Brisbane",
    "stanthorpe australia": "Australia/Brisbane",
    "warwick australia": "Australia/Brisbane",
    "ipswich australia": "Australia/Brisbane",
    "redcliffe australia": "Australia/Brisbane",
    "caboolture australia": "Australia/Brisbane",
    "sunshine coast australia": "Australia/Brisbane",
    "noosa heads australia": "Australia/Brisbane",
    "maroochydore australia": "Australia/Brisbane",
    "caloundra australia": "Australia/Brisbane",
    "palmwoods australia": "Australia/Brisbane",
    "montville australia": "Australia/Brisbane",
    "maleny australia": "Australia/Brisbane",
    "mapleton australia": "Australia/Brisbane",
    "kenilworth australia": "Australia/Brisbane",
    "gympie australia": "Australia/Brisbane",
    "tin can bay australia": "Australia/Brisbane",
    "fraser island australia": "Australia/Brisbane",
    "hervey bay australia": "Australia/Brisbane",
    "bundaberg australia": "Australia/Brisbane",
    "monto australia": "Australia/Brisbane",
    "biloela australia": "Australia/Brisbane",
    "rockhampton australia": "Australia/Brisbane",
    "yeppoon australia": "Australia/Brisbane",
    "emily bay australia": "Australia/Brisbane",
    "great keppel island australia": "Australia/Brisbane",
    "capricorn coast australia": "Australia/Brisbane",
    "gladstone australia": "Australia/Brisbane",
    "tannum sands australia": "Australia/Brisbane",
    "burrum heads australia": "Australia/Brisbane",
    "hervey bay australia": "Australia/Brisbane",
    "fraser island australia": "Australia/Brisbane",
    "maryborough australia": "Australia/Brisbane",
    "gympie australia": "Australia/Brisbane",
    "noosa heads australia": "Australia/Brisbane",
    "sunshine coast australia": "Australia/Brisbane",
    "caloundra australia": "Australia/Brisbane",
    "maroochydore australia": "Australia/Brisbane",
    "mooloolaba australia": "Australia/Brisbane",
    "coolum beach australia": "Australia/Brisbane",
    "noosa north shore australia": "Australia/Brisbane",
    "tewantin australia": "Australia/Brisbane",
    "cooroy australia": "Australia/Brisbane",
    "nambour australia": "Australia/Brisbane",
    "mapleton australia": "Australia/Brisbane",
    "maleny australia": "Australia/Brisbane",
    "montville australia": "Australia/Brisbane",
    "palmwoods australia": "Australia/Brisbane",
    "caboolture australia": "Australia/Brisbane",
    "redcliffe australia": "Australia/Brisbane",
    "ipswich australia": "Australia/Brisbane",
    "toowoomba australia": "Australia/Brisbane",
    "warwick australia": "Australia/Brisbane",
    "stanthorpe australia": "Australia/Brisbane",
    "goondiwindi australia": "Australia/Brisbane",
    "moree australia": "Australia/Sydney",
    "narrabri australia": "Australia/Sydney",
    "gunnedah australia": "Australia/Sydney",
    "inverell australia": "Australia/Sydney",
    "armidale australia": "Australia/Sydney",
    "new england northern tablelands australia": "Australia/Sydney",
    "tamworth australia": "Australia/Sydney",
    "griffith australia": "Australia/Sydney",
    "wagga wagga australia": "Australia/Sydney",
    "albury-wodonga australia": "Australia/Melbourne",
    "mildura australia": "Australia/Melbourne",
    "bendigo australia": "Australia/Melbourne",
    "ballarat australia": "Australia/Melbourne",
    "geelong australia": "Australia/Melbourne",
    "wollongong australia": "Australia/Sydney",
    "central coast australia": "Australia/Sydney",
    "newcastle australia": "Australia/Sydney",
    "gold coast australia": "Australia/Brisbane",
    "canberra australia": "Australia/Sydney",
    "adelaide australia": "Australia/Adelaide",
    "perth australia": "Australia/Perth",
    "brisbane australia": "Australia/Brisbane",
    "melbourne australia": "Australia/Melbourne",
    "sydney australia": "Australia/Sydney",
    "auckland new zealand": "Pacific/Auckland",
    "wellington new zealand": "Pacific/Auckland",
    "christchurch new zealand": "Pacific/Auckland",
    "hamilton new zealand": "Pacific/Auckland",
    "dunedin new zealand": "Pacific/Auckland",
    "tauranga new zealand": "Pacific/Auckland",
    "napier-hastings new zealand": "Pacific/Auckland",
    "lower hutt new zealand": "Pacific/Auckland",
    "upper hutt new zealand": "Pacific/Auckland",
    "new plymouth new zealand": "Pacific/Auckland",
    "invercargill new zealand": "Pacific/Auckland",
    "whangarei new zealand": "Pacific/Auckland",
    "palmerston north new zealand": "Pacific/Auckland",
    "nelson new zealand": "Pacific/Auckland",
    "rotorua new zealand": "Pacific/Auckland",
    "whanganui new zealand": "Pacific/Auckland",
    "gisborne new zealand": "Pacific/Auckland",
    "taupo new zealand": "Pacific/Auckland",
    "masterton new zealand": "Pacific/Auckland",
    "blenheim new zealand": "Pacific/Auckland",
    "timaru new zealand": "Pacific/Auckland",
    "queenstown new zealand": "Pacific/Auckland",
    "richmond new zealand": "Pacific/Auckland",
    "greymouth new zealand": "Pacific/Auckland",
    "westport new zealand": "Pacific/Auckland",
    "kaikoura new zealand": "Pacific/Auckland",
    "rangiora new zealand": "Pacific/Auckland",
    "ashburton new zealand": "Pacific/Auckland",
    "temuka new zealand": "Pacific/Auckland",
    "geraldine new zealand": "Pacific/Auckland",
    "fairlie new zealand": "Pacific/Auckland",
    "twizel new zealand": "Pacific/Auckland",
    "wanaka new zealand": "Pacific/Auckland",
    "cromwell new zealand": "Pacific/Auckland",
    "alexandra new zealand": "Pacific/Auckland",
    "dunedin new zealand": "Pacific/Auckland",
    "invercargill new zealand": "Pacific/Auckland",
    "bluff new zealand": "Pacific/Auckland",
    "te anau new zealand": "Pacific/Auckland",
    "manapouri new zealand": "Pacific/Auckland",
    "winton new zealand": "Pacific/Auckland",
    "lumsden new zealand": "Pacific/Auckland",
    "queenstown new zealand": "Pacific/Auckland",
    "arrowtown new zealand": "Pacific/Auckland",
    "cromwell new zealand": "Pacific/Auckland",
    "wanaka new zealand": "Pacific/Auckland",
    "twizel new zealand": "Pacific/Auckland",
    "fairlie new zealand": "Pacific/Auckland",
    "geraldine new zealand": "Pacific/Auckland",
    "temuka new zealand": "Pacific/Auckland",
    "ashburton new zealand": "Pacific/Auckland",
    "rangiora new zealand": "Pacific/Auckland",
    "christchurch new zealand": "Pacific/Auckland",
    "lyttelton new zealand": "Pacific/Auckland",
    "akaroa new zealand": "Pacific/Auckland",
    "kaikoura new zealand": "Pacific/Auckland",
    "picton new zealand": "Pacific/Auckland",
    "blenheim new zealand": "Pacific/Auckland",
    "nelson new zealand": "Pacific/Auckland",
    "richmond new zealand": "Pacific/Auckland",
    "motueka new zealand": "Pacific/Auckland",
    "takaka new zealand": "Pacific/Auckland",
    "collingwood new zealand": "Pacific/Auckland",
    "westport new zealand": "Pacific/Auckland",
    "greymouth new zealand": "Pacific/Auckland",
    "hokitika new zealand": "Pacific/Auckland",
    "fox glacier new zealand": "Pacific/Auckland",
    "franz josef glacier new zealand": "Pacific/Auckland",
    "wanaka new zealand": "Pacific/Auckland",
    "queenstown new zealand": "Pacific/Auckland",
    "arrowtown new zealand": "Pacific/Auckland",
    "cromwell new zealand": "Pacific/Auckland",
    "alexandra new zealand": "Pacific/Auckland",
    "dunedin new zealand": "Pacific/Auckland",
    "invercargill new zealand": "Pacific/Auckland",
    "bluff new zealand": "Pacific/Auckland",
    "te anau new zealand": "Pacific/Auckland",
    "manapouri new zealand": "Pacific/Auckland",
    "winton new zealand": "Pacific/Auckland",
    "lumsden new zealand": "Pacific/Auckland",
    "queenstown new zealand": "Pacific/Auckland",
    "arrowtown new zealand": "Pacific/Auckland",
    "cromwell new zealand": "Pacific/Auckland",
    "wanaka new zealand": "Pacific/Auckland",
    "twizel new zealand": "Pacific/Auckland",
    "fairlie new zealand": "Pacific/Auckland",
    "geraldine new zealand": "Pacific/Auckland",
    "temuka new zealand": "Pacific/Auckland",
    "ashburton new zealand": "Pacific/Auckland",
    "rangiora new zealand": "Pacific/Auckland",
    "christchurch new zealand": "Pacific/Auckland",
    "lyttelton new zealand": "Pacific/Auckland",
    "akaroa new zealand": "Pacific/Auckland",
    "kaikoura new zealand": "Pacific/Auckland",
    "picton new zealand": "Pacific/Auckland",
    "blenheim new zealand": "Pacific/Auckland",
    "nelson new zealand": "Pacific/Auckland",
    "richmond new zealand": "Pacific/Auckland",
    "motueka new zealand": "Pacific/Auckland",
    "takaka new zealand": "Pacific/Auckland",
    "collingwood new zealand": "Pacific/Auckland",
    "westport new zealand": "Pacific/Auckland",
    "greymouth new zealand": "Pacific/Auckland",
    "hokitika new zealand": "Pacific/Auckland",
    "fox glacier new zealand": "Pacific/Auckland",
    "franz josef glacier new zealand": "Pacific/Auckland",
    "wanaka new zealand": "Pacific/Auckland",
    "queenstown new zealand": "Pacific/Auckland",
    "arrowtown new zealand": "Pacific/Auckland",
    "cromwell new zealand": "Pacific/Auckland",
    "alexandra new zealand": "Pacific/Auckland",
    "dunedin new zealand": "Pacific/Auckland",
    "invercargill new zealand": "Pacific/Auckland",
    "bluff new zealand": "Pacific/Auckland",
    "te anau new zealand": "Pacific/Auckland",
    "manapouri new zealand": "Pacific/Auckland",
    "winton new zealand": "Pacific/Auckland",
    "lumsden new zealand": "Pacific/Auckland",
    "singapore singapore": "Asia/Singapore",
    "bangkok thailand": "Asia/Bangkok",
    "seoul south korea": "Asia/Seoul",
    "hong kong hong kong": "Asia/Hong_Kong",
    "taipei taiwan": "Asia/Taipei",
    "mumbai india": "Asia/Kolkata",
    "delhi india": "Asia/Kolkata",
    "karachi pakistan": "Asia/Karachi",
    "dhaka bangladesh": "Asia/Dhaka",
    "jakarta indonesia": "Asia/Jakarta",
    "manila philippines": "Asia/Manila",
    "cairo egypt": "Africa/Cairo",
    "johannesburg south africa": "Africa/Johannesburg",
    "nairobi kenya": "Africa/Nairobi",
    "lagos nigeria": "Africa/Lagos",
    "cairo egypt": "Africa/Cairo",
    "riyadh saudi arabia": "Asia/Riyadh",
    "dubai united arab emirates": "Asia/Dubai",
    "vancouver canada": "America/Vancouver",
    "toronto canada": "America/Toronto",
    "montreal canada": "America/Toronto",
    "calgary canada": "America/Edmonton",
    "ottawa canada": "America/Toronto",
    "mexico city mexico": "America/Mexico_City",
    "sao paulo brazil": "America/Sao_Paulo",
    "buenos aires argentina": "America/Argentina/Buenos_Aires",
    "rio de janeiro brazil": "America/Sao_Paulo",
    "santiago chile": "America/Santiago",
    "bogota colombia": "America/Bogota",
    "lima peru": "America/Lima",
    "caracas venezuela": "America/Caracas",
    "medellin colombia": "America/Bogota",
    "guatemala city guatemala": "America/Guatemala",
    "panama city panama": "America/Panama",
    "san salvador el salvador": "America/El_Salvador",
    "san juan puerto rico": "America/Puerto_Rico",
    "kingston jamaica": "America/Jamaica",
    "port-au-prince haiti": "America/Port-au-Prince",
    "santo domingo dominican republic": "America/Santo_Domingo",
    "havana cuba": "America/Havana",
    "tegucigalpa honduras": "America/Tegucigalpa",
    "managua nicaragua": "America/Managua",
    "san josé costa rica": "America/Costa_Rica",
    "belmopan belize": "America/Belize",
    "mexico city mexico": "America/Mexico_City",
    "guadalajara mexico": "America/Mexico_City",
    "monterrey mexico": "America/Monterrey"
  }
}